number,incidentstate,active,reassignment_count,reopen_count,sys_mod_count,made_sla,caller_id,opened_by,opened_at,sys_created_by,sys_created_at,sys_updated_by,sys_updated_at,contact_type,category,subcategory,u_symptom,impact,urgency,priority,assigned_to,knowledge,notify,rfc,Case ID,Case Title,Creation Date,Description,Case Tasks,Observables Analysis,Ticketing System Chat Log,Ticketing system Chat Data Keywords,Chat Response Overall Sentiment Determination,Event ID,Distribution,Event Information (Description),Threat Level,Event Attributes,close_code,resolved_by,resolved_at,closed_at
INC0012345,Resolved,FALSE,2,1,7,TRUE,user_123,user_456,01/06/2024 09:15,user_456,01/06/2024 09:20,user_789,02/06/2024 14:30,Email,Security,Phishing,Suspicious email received,1,1,1,user_789,TRUE,Email,RFC001224,CASE001,Phishing Attack Detected,01/06/2024 09:15,Suspicious email detected  requiring immediate attention.,"[{""Case Tasks Title"": ""Email Filtering"", ""Case Task Start Date"": ""01/06/2024 09:30"", ""Case Task Assignee"": ""user_789"", ""Case Task Status"": ""Completed"", ""Case Task Duration"": ""30 minutes"", ""Case Attribute Data"": ""{'email': 'suspicious@example.com', 'reason': 'unknown sender'}""},

{""Case Tasks Title"": ""Quarantine Email"", ""Case Task Start Date"": ""01/06/2024 09:40"", ""Case Task Assignee"": ""user_789"", ""Case Task Status"": ""Completed"", ""Case Task Duration"": ""20 minutes"", ""Case Attribute Data"": ""{'email_id': '12345', 'status': 'quarantined'}""}, 

{""Case Tasks Title"": ""Endpoint Isolation"", ""Case Task Start Date"": ""01/06/2024 09:45"", ""Case Task Assignee"": ""user_789"", ""Case Task Status"": ""Completed"", ""Case Task Duration"": ""40 minutes"", ""Case Attribute Data"": ""{'endpoints': ['PC001', 'PC002'], 'status': 'isolated'}""}, 

{""Case Tasks Title"": ""Analyzing IoCs"", ""Case Task Start Date"": ""01/06/2024 10:00"", ""Case Task Assignee"": ""user_456"", ""Case Task Status"": ""Completed"", ""Case Task Duration"": ""1 hour"", ""Case Attribute Data"": ""{'data_collected': 'sender_info, email_content, IP_address'}""},

{""Case Tasks Title"": ""Email Removal"", ""Case Task Start Date"": ""01/06/2024 10:15"", ""Case Task Assignee"": ""user_789"", ""Case Task Status"": ""Completed"", ""Case Task Duration"": ""25 minutes"", ""Case Attribute Data"": ""{'removed_emails': ['suspicious@example.com']}""} ,

 {""Case Tasks Title"": ""Apply Patches"", ""Case Task Start Date"": ""01/06/2024 10:45"", ""Case Task Assignee"": ""user_789"", ""Case Task Status"": ""Completed"", ""Case Task Duration"": ""1 hour"", ""Case Attribute Data"": ""{'patches_applied': 'Security_patch_1, Security_patch_2'}""}, 

 {""Case Tasks Title"": ""Filtering Criteria Review"", ""Case Task Start Date"": ""01/06/2024 12:15"", ""Case Task Assignee"": ""user_789"", ""Case Task Status"": ""Completed"", ""Case Task Duration"": ""45 minutes"", ""Case Attribute Data"": ""{'new_criteria': 'Updated filters to include recent phishing patterns'}""},

 {""Case Tasks Title"": ""Incident Report"", ""Case Task Start Date"": ""01/06/2024 13:00"", ""Case Task Assignee"": ""user_456"", ""Case Task Status"": ""Completed"", ""Case Task Duration"": ""1 hour"", ""Case Attribute Data"": ""{'report_summary': 'Phishing attack successfully contained and remediated.'}""}]","
""[{\""Analysis Type\"":\""File\"",\""Analysis ID\"":\""file-2024-001\"",\""Timestamp\"":\""2024-06-01 10:00:10 UTC\"",\""Data Value\"":\""MD5 Hash: e99a18c428cb38d5f260853678922e03\"",\""Details\"":\""Detected by 7/60 antivirus engines, flagged as Trojan:Win32/Generic and Ransomware:Win32/Locky\"",\""Status\"":\""Success\""},

{\""Analysis Type\"":\""URL\"",\""Analysis ID\"":\""url-2024-002\"",\""Timestamp\"":\""2024-06-01 10:01:10  UTC\"",\""Data Value\"":\""URL: http://malicious-site.com\"",\""Details\"":\""Reputation score is 0 (High risk), associated with known phishing campaigns\"",\""Status\"":\""Success\""},

{\""Analysis Type\"":\""IP Address\"",\""Analysis ID\"":\""ip-2024-003\"",\""Timestamp\"":\""2024-06-01 10:01:130  UTC\"",\""Data Value\"":\""IP Address: 192.168.1.100\"",\""Details\"":\""IP is listed in threat intelligence feeds as associated with phishing activities, has been involved in 5 previous incidents\"",\""Status\"":\""Success\""},

{\""Analysis Type\"":\""Domain\"",\""Analysis ID\"":\""domain-2024-004\"",\""Timestamp\"":\""2024-06-01 10:02:10  UTC\"",\""Data Value\"":\""Domain: example-malicious.com\"",\""Details\"":\""Domain is associated with multiple known phishing campaigns, reputation score is 0 (High risk)\"",\""Status\"":\""Success\""},

{\""Analysis Type\"":\""Email Header\"",\""Analysis ID\"":\""email-2024-005\"",\""Timestamp\"":\""2024-06-01 10:02:50 UTC\"",\""Data Value\"":\""Header Analysis: Received: from mail.example.com\"",\""Details\"":\""Header indicates the email was sent from a known suspicious IP, associated with previous phishing attempts\"",\""Status\"":\""Success\""},

{\""Analysis Type\"":\""Process\"",\""Analysis ID\"":\""process-2024-006\"",\""Timestamp\"":\""2024-06-01 10:03:04  UTC\"",\""Data Value\"":\""Process ID: 1234, Process Name: suspicious.exe\"",\""Details\"":\""Process is flagged by multiple security tools as malicious, showing behavior consistent with ransomware\"",\""Status\"":\""Success\""}","User_789 [09:15 AM]:
""Received a report of a suspicious email from user_123. The email seems to be a phishing attempt. We should start by filtering and quarantining it immediately.""
User_456 [09:20 AM]:
""The email has been flagged as containing potentially malicious links. Will update once they respond.""
User_789 [09:30 AM]:
""Email has been quarantined. I’ve initiated a malware scan on the affected endpoints. It’s quite a frustrating issue, but we should resolve it quickly.""
User_456 [09:45 AM]:
""Confirmed, the malware scan is in progress. The situation is critical, but I’m confident we’ll handle it effectively. Let’s keep the communication flowing.""
User_789 [10:00 AM]:
""Collected data on the email sender and IP address. The sender is flagged in our threat database. The scan didn’t find any immediate threats on the endpoints, but we’re still monitoring.""
User_456 [10:15 AM]:
""Removing the phishing email from all inboxes. Users are notified with guidance on recognizing phishing attempts. The support from the team has been excellent.""
User_789 [10:30 AM]:
""Applied security patches to address potential vulnerabilities. This should mitigate similar threats in the future. Overall, the situation was managed well, despite the initial difficulties.""
User_456 [11:00 AM]:
""Reviewed filtering criteria to include the new phishing patterns. The incident is resolved quickly. The quick response and team support were crucial.""
User_789 [11:30 AM]:
""Incident report is being drafted. Summary: Phishing attack successfully contained with no major impact. We acted swiftly and effectively.""
User_456 [12:00 PM]:
""Final report completed and shared. Good job to everyone involved. It was a challenging situation, but we resolved it efficiently.""
","[""phishing"", ""email quarantine"", ""malware scan"", ""unusual domain"", ""unexpected activity"", ""new threat"", ""sensitive files"", ""network activity"", ""security patches"", ""filtering rules"", ""larger campaign"", ""new findings""]",Neutral Sentiment,101,Organization only,Phishing attempt detected,High,"{'email_subject': 'Urgent Request', 'email_sender': 'unknown@example.com'} ",Phishing_Resolved,user_789,02/06/2024 14:00,02/06/2024 14:30
INC0056789,Resolved,FALSE,5,0,3,TRUE,user_567,user_890,05/06/2024 16:00,user_890,05/06/2024 16:05,user_123,06/06/2024 18:00:00,Email,Security,Brute-Force Attack,Multiple failed login attempts detected,2,2,2,user_123,TRUE,Email,RFC001227,CASE002,Brute-Force Login Attack Detected,05/06/2024 16:00,Multiple failed login attempts detected,"[{""""Case Tasks Title"""": """"Login Attempt Analysis"""", """"Case Task Start Date"""": """"05/06/2024 16:15"""", """"Case Task Assignee"""": """"user_123"""", """"Case Task Status"""": """"Completed"""", """"Case Task Duration"""": """"1 hour"""", """"Case Attribute Data"""": """"{'login_attempts': '100', 'failed_attempts': '98'}""""},

 {""""Case Tasks Title"""": """"Account Lockout"""", """"Case Task Start Date"""": """"05/06/2024 17:15"""", """"Case Task Assignee"""": """"user_890"""", """"Case Task Status"""": """"Completed"""", """"Case Task Duration"""": """"30 minutes"""", """"Case Attribute Data"""": """"{'accounts_locked': '50'}""""},

 {""""Case Tasks Title"""": """"IP Blocking"""", """"Case Task Start Date"""": """"05/06/2024 17:45"""", """"Case Task Assignee"""": """"user_123"""", """"Case Task Status"""": """"Completed"""", """"Case Task Duration"""": """"30 minutes"""", """"Case Attribute Data"""": """"{'blocked_ips': '192.0.2.2, 203.0.113.6'}""""}, 

{""""Case Tasks Title"""": """"Notify Users"""", """"Case Task Start Date"""": """"05/06/2024 18:15"""", """"Case Task Assignee"""": """"user_890"""", """"Case Task Status"""": """"Completed"""", """"Case Task Duration"""": """"20 minutes"""", """"Case Attribute Data"""": """"{'notification_sent': 'users informed'}""""},

 {""""Case Tasks Title"""": """"Incident Report"""", """"Case Task Start Date"""": """"05/06/2024 18:35"""", """"Case Task Assignee"""": """"user_123"""", """"Case Task Status"""": """"Completed"""", """"Case Task Duration"""": """"45 minutes"""", """"Case Attribute Data"""": """"{'report_summary': 'Brute-force attack mitigated.'}""""}]","


{\""Analysis Type\"":\""IP Address\"",\""Analysis ID\"":\""ip-2024-016\"",\""Timestamp\"":\""2024-06-05 17:25:00 UTC\"",\""Data Value\"":\""IP Address: 192.0.2.2\"",\""Details\"":\""IP listed in threat feeds as source of multiple failed login attempts\"",\""Status\"":\""Success\""},

","User_123 [16:00]: 
""Multiple failed login attempts have been detected. Starting the analysis of failed login attempts. Initial findings indicate a high volume of failed attempts.""

User_890 [16:05]:
Initiated the account lockout process for affected accounts. We'll start IP blocking next.

User_123 [16:15]: 
IP blocking is underway. Monitoring blocked IPs for any further suspicious activity.

User_890 [17:00]: 
Users have been notified of the incident and security measures taken.

User_123 [18:00]: 
Drafting the incident report summarizing the steps taken and resolution.","[""brute-force"", ""login attempts"", ""account lockout"", ""IP blocking"", ""user notifications"", ""incident reporting""]",Neutral Sentiment,104,Organization only,Brute-force attack detected,High,"{'login_attempts': '100', 'failed_attempts': '98'}",Bruteforce_Resolved,user_890,06/06/2024 18:15,06/06/2024 18:30
INC0012346,Resolved,FALSE,1,0,5,TRUE,user_789,user_456,01/07/2024 10:00,user_456,01/07/2024 10:05,user_123,02/07/2024 12:15,Phone,Malware,Ransomware,Suspicious file activity detected,2,2,2,user_123,TRUE,Phone,RFC001235,CASE003,Ransomware Attack on Critical Server,01/07/2024 10:00,Ransomware detected on a critical server requiring immediate containment.,"[{""Case Tasks Title"": ""Malware Analysis"", ""Case Task Start Date"": ""01/07/2024 10:15"", ""Case Task Assignee"": ""user_123"", ""Case Task Status"": ""Completed"", ""Case Task Duration"": ""45 minutes"", ""Case Attribute Data"": ""{'file_name': 'ransomware.exe', 'MD5_hash': 'e99a18c428cb38d5f260853678922e03'}""},

{""Case Tasks Title"": ""Server Isolation"", ""Case Task Start Date"": ""01/07/2024 11:00"", ""Case Task Assignee"": ""user_123"", ""Case Task Status"": ""Completed"", ""Case Task Duration"": ""30 minutes"", ""Case Attribute Data"": ""{'server_id': 'SRV001', 'status': 'isolated'}""},

{""Case Tasks Title"": ""Data Recovery"", ""Case Task Start Date"": ""01/07/2024 11:30"", ""Case Task Assignee"": ""user_456"", ""Case Task Status"": ""Completed"", ""Case Task Duration"": ""1 hour"", ""Case Attribute Data"": ""{'backup_used': 'Backup_01_07_2024'}""},

{""Case Tasks Title"": ""User Notification"", ""Case Task Start Date"": ""01/07/2024 12:30"", ""Case Task Assignee"": ""user_789"", ""Case Task Status"": ""Completed"", ""Case Task Duration"": ""15 minutes"", ""Case Attribute Data"": ""{'affected_users': 100, 'notification_type': 'email'}""},

{""Case Tasks Title"": ""Patch Deployment"", ""Case Task Start Date"": ""01/07/2024 12:45"", ""Case Task Assignee"": ""user_123"", ""Case Task Status"": ""Completed"", ""Case Task Duration"": ""1 hour"", ""Case Attribute Data"": ""{'patches_deployed': 'Critical_Patch_1, Critical_Patch_2'}""},

{""Case Tasks Title"": ""Incident Report"", ""Case Task Start Date"": ""01/07/2024 13:45"", ""Case Task Assignee"": ""user_456"", ""Case Task Status"": ""Completed"", ""Case Task Duration"": ""1 hour"", ""Case Attribute Data"": ""{'report_summary': 'Ransomware contained, data restored, and patches applied.'}""}]","
""[{\""Analysis Type\"":\""File\"",\""Analysis ID\"":\""file-2024-007\"",\""Timestamp\"":\""2024-07-01 10:32:30 UTC\"",\""Data Value\"":\""SHA-256 Hash: 2c26b46b68ffc68ff99b453c1d30413413422c1f34536cb8e7dfb1e2ae69b930\"",\""Details\"":\""Detected by 45/60 antivirus engines, flagged as Ransomware:Win32/Generic and Ransomware:Win32/Locky\"",\""Status\"":\""Success\""},

{\""Analysis Type\"":\""Process\"",\""Analysis ID\"":\""process-2024-011\"",\""Timestamp\"":\""2024-07-01 10:35:00 UTC\"",\""Data Value\"":\""Process ID: 5678, Process Name: encryptor.exe\"",\""Details\"":\""Process is flagged by multiple security tools as malicious, showing behavior consistent with ransomware encryption activity\"",\""Status\"":\""Success\""}]"""," User_123 [10:15 AM]:
""Detected suspicious file activity on one of our critical servers. Initial analysis suggests it's a ransomware variant. Initiating malware analysis on the file now.""
User_456 [10:30 AM]:
""The ransomware appears to be rapidly encrypting files. We need to isolate the affected server as soon as possible.""
User_123 [11:00 AM]:
""Server SRV001 has been successfully isolated from the network. Mass file encryption activity has been halted. Proceeding with further analysis and containment measures.""
User_456 [11:30 AM]:
""Data recovery from backup 'Backup_01_07_2024' is in progress. We should be able to restore affected files shortly. Monitoring systems for any additional infection vectors.""
User_789 [12:30 PM]:
""Affected users have been notified. An email notification has been sent to 100 users outlining the ransomware incident and recommended next steps. Response has been smooth so far.""
User_123 [12:45 PM]:
""Deploying critical security patches to address the vulnerabilities exploited by the ransomware. This includes 'Critical_Patch_1' and 'Critical_Patch_2' to ensure the systems are hardened against similar threats.""
User_456 [01:45 PM]:
""Incident report is being drafted now. Summary: Ransomware contained, data restored successfully from backups, and patches applied. Great teamwork on this one.""
","[""ransomware"", ""server isolation"", ""data recovery"", ""malicious file"", ""suspicious domain"", ""encryption activity"", ""critical patches"", ""user notification"", ""incident report"", ""restoration plan""]",Neutral Sentiment,107,Organization only,Ransomware attack on critical infrastructure,High,"{'file_name': 'ransomware.exe', 'server_id': 'SRV001'}",Malware_Resolved,user_123,02/07/2024 12:00,02/07/2024 12:30
INC0012347,Resolved,FALSE,3,1,9,TRUE,user_456,user_789,02/08/2024 11:00,user_789,02/08/2024 11:05,user_789,03/08/2024 16:20,Email,Denial of Service,DDoS,High volume of traffic causing disruption,3,3,3,user_456,TRUE,Email,RFC001236,CASE004,DDoS Attack Mitigation,02/08/2024 11:00,Denial of Service attack detected on public-facing web application.,"[{""Case Tasks Title"": ""Traffic Filtering"", ""Case Task Start Date"": ""02/08/2024 11:15"", ""Case Task Assignee"": ""user_456"", ""Case Task Status"": ""Completed"", ""Case Task Duration"": ""30 minutes"", ""Case Attribute Data"": ""{'filtering_rules': 'Block IP range 192.168.1.0/24'}""},

{""Case Tasks Title"": ""Load Balancing"", ""Case Task Start Date"": ""02/08/2024 11:45"", ""Case Task Assignee"": ""user_789"", ""Case Task Status"": ""Completed"", ""Case Task Duration"": ""1 hour"", ""Case Attribute Data"": ""{'servers_involved': ['LB001', 'LB002']}""},

{""Case Tasks Title"": ""Traffic Analysis"", ""Case Task Start Date"": ""02/08/2024 12:45"", ""Case Task Assignee"": ""user_789"", ""Case Task Status"": ""Completed"", ""Case Task Duration"": ""45 minutes"", ""Case Attribute Data"": ""{'analyzed_traffic': '50GB over 30 minutes'}""},

{""Case Tasks Title"": ""IP Block"", ""Case Task Start Date"": ""02/08/2024 13:30"", ""Case Task Assignee"": ""user_789"", ""Case Task Status"": ""Completed"", ""Case Task Duration"": ""15 minutes"", ""Case Attribute Data"": ""{'blocked_ips': ['192.168.1.100', '192.168.1.101']}""},

{""Case Tasks Title"": ""Web Application Firewall Tuning"", ""Case Task Start Date"": ""02/08/2024 13:45"", ""Case Task Assignee"": ""user_456"", ""Case Task Status"": ""Completed"", ""Case Task Duration"": ""1 hour"", ""Case Attribute Data"": ""{'waf_rules_updated': 'New DDoS mitigation rules'}""},

{""Case Tasks Title"": ""Monitoring Setup"", ""Case Task Start Date"": ""02/08/2024 14:45"", ""Case Task Assignee"": ""user_456"", ""Case Task Status"": ""Completed"", ""Case Task Duration"": ""30 minutes"", ""Case Attribute Data"": ""{'monitoring_tools': 'Enabled additional DDoS monitoring on all public-facing applications'}""},

{""Case Tasks Title"": ""Incident Report"", ""Case Task Start Date"": ""02/08/2024 15:15"", ""Case Task Assignee"": ""user_456"", ""Case Task Status"": ""Completed"", ""Case Task Duration"": ""1 hour"", ""Case Attribute Data"": ""{'report_summary': 'DDoS attack mitigated with traffic filtering, load balancing, and WAF tuning.'}""}]","
""[{\""Analysis Type\"":\""IP Address\"",\""Analysis ID\"":\""ip-2024-012\"",\""Timestamp\"":\""2024-08-02 12:33:30 UTC\"",\""Data Value\"":\""IP Address: 192.168.1.100\"",\""Details\"":\""IP is listed in threat intelligence feeds as associated with DDoS activities, has been involved in 7 previous incidents\"",\""Status\"":\""Success\""}]"," User_456 [11:00 AM]:
""We have got a DoS attack on our public-facing web app. Traffic is way too high and causing disruptions. I'm starting the mitigation process now.""

User_456 [11:10 AM]:
""Just informed the Network Security Team. Initial traffic analysis shows this is likely a DDoS attack. I’m diving deeper into the traffic patterns.""

User_456 [11:15 AM]:
""Traffic filtering is up and running. I’ve blocked the IP range 192.168.1.0/24 to cut off some of the malicious traffic.""

User_789 [11:45 AM]:
""Just set up load balancing across servers LB001 and LB002. This should help distribute the incoming traffic and reduce the strain on any single server.""

User_789 [12:00 PM]:
""Load balancing is complete. Checked everything, and it looks like the traffic is now being spread out evenly.""

User_789 [12:45 PM]:
""Finished analyzing the traffic. Went through 50GB of data from the last 30 minutes. Got a clearer picture of the attack patterns and sources.""

User_789 [01:15 PM]:
""Blocked the IPs 192.168.1.100 and 192.168.1.101. These addresses were part of the attack. Hopefully, this will help with the ongoing threat.""

User_456 [01:30 PM]:
""Updated the Web Application Firewall with new DDoS rules. Fine-tuned the settings to better handle the attack we’re seeing.""

User_456 [02:00 PM]:
""Checked the new WAF rules in action. Everything seems to be blocking the malicious traffic as expected.""

User_456 [02:45 PM]:
""Set up additional monitoring tools to keep an eye on DDoS activity across all our public-facing apps. Alerts are configured for any anomalies.""

User_456 [03:00 PM]:
""Reviewed the monitoring data. No signs of any ongoing attacks or new issues. Everything looks clear for now.""

User_456 [03:15 PM]:
""Just wrapped up the incident report. Summarized all the actions we took—traffic filtering, load balancing, IP blocking, and WAF tuning. We’ve successfully mitigated the DDoS attack.""

User_456 [03:30 PM]:
""Did a final review of the incident and closed the case. Notified all relevant parties and made notes for any future reference. Great job, everyone!""
","
[""ddos attack"", ""high traffic"", ""ip blocking"", ""waf tuning"", ""load balancing"", ""monitoring setup"", ""network disruption"", ""traffic filtering"", ""mitigation steps"", ""incident report""]",Neutral Sentiment,115,Organization only,DDoS attack detected ,High,"{'traffic_type': 'SYN flood', 'attack_duration': '2 hours'}",DDoS_Mitigated,user_789,03/08/2024 16:00,03/08/2024 16:20
INC0012348,Resolved,FALSE,4,0,8,TRUE,user_789,user_456,03/08/2024 14:30,user_456,03/08/2024 14:35,user_123,03/08/2024 17:45,Email,Data Breach,Unauthorized Access,Unusual access patterns detected,1,1,1,user_123,TRUE,Email,RFC001237,CASE005,Data Breach Investigation,03/08/2024 14:30,Unauthorized access to sensitive data detected on server.,"[{""Case Tasks Title"": ""Access Logs Review"", ""Case Task Start Date"": ""03/08/2024 14:45"", ""Case Task Assignee"": ""user_123"", ""Case Task Status"": ""Completed"", ""Case Task Duration"": ""30 minutes"", ""Case Attribute Data"": ""{'reviewed_logs': 'access_log_08032024.txt'}""},

{""Case Tasks Title"": ""User Account Suspension"", ""Case Task Start Date"": ""03/08/2024 15:15"", ""Case Task Assignee"": ""user_456"", ""Case Task Status"": ""Completed"", ""Case Task Duration"": ""15 minutes"", ""Case Attribute Data"": ""{'suspended_accounts': ['user001']}""},

{""Case Tasks Title"": ""Sensitive Data Audit"", ""Case Task Start Date"": ""03/08/2024 15:30"", ""Case Task Assignee"": ""user_789"", ""Case Task Status"": ""Completed"", ""Case Task Duration"": ""45 minutes"", ""Case Attribute Data"": ""{'audited_files': 'financial_records_2024.xlsx'}""},

{""Case Tasks Title"": ""Vulnerability Patch"", ""Case Task Start Date"": ""03/08/2024 16:15"", ""Case Task Assignee"": ""user_123"", ""Case Task Status"": ""Completed"", ""Case Task Duration"": ""1 hour"", ""Case Attribute Data"": ""{'patched_vulnerability': 'CVE-2024-1234'}""},

{""Case Tasks Title"": ""Security Policy Update"", ""Case Task Start Date"": ""03/08/2024 17:15"", ""Case Task Assignee"": ""user_789"", ""Case Task Status"": ""Completed"", ""Case Task Duration"": ""30 minutes"", ""Case Attribute Data"": ""{'updated_policies': 'Access control policy v1.1'}""},

{""Case Tasks Title"": ""Incident Report"", ""Case Task Start Date"": ""03/08/2024 17:45"", ""Case Task Assignee"": ""user_456"", ""Case Task Status"": ""Completed"", ""Case Task Duration"": ""45 minutes"", ""Case Attribute Data"": ""{'report_summary': 'Unauthorized access identified and mitigated.'}""}]","
""[{\""Analysis Type\"":\""File\"",\""Analysis ID\"":\""file-2024-012\"",\""Timestamp\"":\""2024-08-03 15:00:00 UTC\"",\""Data Value\"":\""SHA-1 Hash: b26c8db0c4e2c9b01b7c24c137918d8f3540dd92\"",\""Details\"":\""Detected by 25/60 antivirus engines, flagged as Trojan:Win32/Generic\"",\""Status\"":\""Success\""},

{\""Analysis Type\"":\""Network Activity\"",\""Analysis ID\"":\""network-2024-013\"",\""Timestamp\"":\""2024-08-03 15:05:00 UTC\"",\""Data Value\"":\""IP Address: 10.0.0.1\"",\""Details\"":\""IP is listed in threat intelligence feeds as associated with unauthorized access activities, has been involved in 2 previous incidents\"",\""Status\"":\""Success\""},

{\""Analysis Type\"":\""Process\"",\""Analysis ID\"":\""process-2024-014\"",\""Timestamp\"":\""2024-08-03 15:10:00 UTC\"",\""Data Value\"":\""Process ID: 7890, Process Name: unauthorized_access.exe\"",\""Details\"":\""Process is flagged by multiple security tools as malicious, showing behavior consistent with unauthorized access activities\"",\""Status\"":\""Success\""}]""","User_456 [02:35 PM]:
""Team, we’ve detected some unusual access patterns that suggest unauthorized access to sensitive data. I’m starting the investigation now.""

User_123 [02:45 PM]:
""Just reviewed the access logs for today. I checked `access_log_08032024.txt` to identify any unusual entries. Nothing major found yet, but I'll keep digging.""

User_456 [03:15 PM]:
""Suspend the user account 'user001' immediately. There’s strong evidence they were involved in the unauthorized access.""

User_789 [03:30 PM]:
""Started auditing the sensitive data. Focused on 'financial_records_2024.xlsx' to see if any data might have been compromised.""

User_123 [04:15 PM]:
""Applied a patch for vulnerability CVE-2024-1234. Ensured that the system is secured against this exploit.""

User_789 [04:30 PM]:
""Updated the security policies. Implemented 'Access Control Policy v1.1' to strengthen our access controls and prevent future incidents.""

User_456 [05:00 PM]:
""Completed the incident report. Summary: Unauthorized access was identified and mitigated. All relevant actions taken and documented.""

User_123 [10:00 AM, next day]:
""Final review is done. The breach has been resolved. Notified all stakeholders and documented lessons learned. Case closed.""
","[""unauthorized access"", ""data breach"", ""sensitive data"", ""vulnerability patch"", ""security policy"", ""log review"", ""user account"", ""incident report""]",Neutral Sentiment,129,Organization only,Unauthorized access to sensitive data,High,"{'unauthorized_account': 'user001', 'access_time': '03/08/2024 14:00'}",Breach_Resolved,user_123,04/08/2024 10:00,04/08/2024 10:30
INC0012348,Resolved,FALSE,2,0,6,TRUE,user_321,user_654,04/08/2024 09:30,user_654,04/08/2024 09:35,user_654,04/08/2024 14:20,Email,Malware,Adware,Unwanted pop-up ads on multiple user systems,2,2,2,user_321,TRUE,Email,RFC001237,CASE006,Adware Infection on User Systems,04/08/2024 09:30,Multiple user systems affected by adware displaying unwanted pop-ups.,"[{""Case Tasks Title"": ""Adware Detection"", ""Case Task Start Date"": ""04/08/2024 09:45"", ""Case Task Assignee"": ""user_321"", ""Case Task Status"": ""Completed"", ""Case Task Duration"": ""30 minutes"", ""Case Attribute Data"": ""{'detection_tool': 'Anti-Adware Tool X', 'adware_signatures': ['Adware.Yontoo', 'Adware.ShopAtHome']}""},

{""Case Tasks Title"": ""System Scanning"", ""Case Task Start Date"": ""04/08/2024 10:15"", ""Case Task Assignee"": ""user_654"", ""Case Task Status"": ""Completed"", ""Case Task Duration"": ""45 minutes"", ""Case Attribute Data"": ""{'systems_scanned': 20, 'infections_found': 15}""},

{""Case Tasks Title"": ""Adware Removal"", ""Case Task Start Date"": ""04/08/2024 11:00"", ""Case Task Assignee"": ""user_654"", ""Case Task Status"": ""Completed"", ""Case Task Duration"": ""1 hour"", ""Case Attribute Data"": ""{'removal_tool': 'Adware Remover Pro', 'systems_cleaned': 15}""},

{""Case Tasks Title"": ""User Education"", ""Case Task Start Date"": ""04/08/2024 12:00"", ""Case Task Assignee"": ""user_321"", ""Case Task Status"": ""Completed"", ""Case Task Duration"": ""30 minutes"", ""Case Attribute Data"": ""{'topics_covered': ['Avoiding malicious downloads', 'Recognizing adware symptoms']}""},

{""Case Tasks Title"": ""System Monitoring"", ""Case Task Start Date"": ""04/08/2024 12:30"", ""Case Task Assignee"": ""user_654"", ""Case Task Status"": ""Completed"", ""Case Task Duration"": ""30 minutes"", ""Case Attribute Data"": ""{'monitoring_duration': '24 hours', 'no_reinfection_detected': TRUE}""},

{""Case Tasks Title"": ""Incident Report"", ""Case Task Start Date"": ""04/08/2024 13:00"", ""Case Task Assignee"": ""user_321"", ""Case Task Status"": ""Completed"", ""Case Task Duration"": ""1 hour"", ""Case Attribute Data"": ""{'report_summary': 'Adware infection detected, removed, and systems monitored with no reinfections.'}""}]","
""[{\""Analysis Type\"":\""File\"",\""Analysis ID\"":\""file-2024-013\"",\""Timestamp\"":\""2024-08-04 10:20:00 UTC\"",\""Data Value\"":\""File Name: adware_installer.exe\"",\""Details\"":\""Detected by 30/50 antivirus engines, flagged as Adware:Win32/AdInstaller and Adware:Win32/InstallCore\"",\""Status\"":\""Success\""},

{\""Analysis Type\"":\""URL\"",\""Analysis ID\"":\""url-2024-014\"",\""Timestamp\"":\""2024-08-04 10:21:33 UTC\"",\""Data Value\"":\""URL: http://adware-site.com\"",\""Details\"":\""Reputation score is 0 (High risk), associated with known adware campaigns\"",\""Status\"":\""Success\""}]","  User_654 [09:35 AM]:
 Users are reporting annoying pop-up ads on their systems. I’m starting the investigation now.""

User_654 [09:45 AM]:
""Detection phase is complete. Used Anti-Adware Tool X and identified the adware types: Adware.Yontoo and Adware.ShopAtHome.""

User_654 [10:15 AM]:
""Scanned 20 systems so far. Found 15 infections. Moving on to the removal process next.""

User_654 [11:00 AM]:
""Adware removal is underway. Using Adware Remover Pro. Cleared out the infections from the 15 affected systems.""

User_321 [12:00 PM]:
""Started user education on avoiding malicious downloads and recognizing adware symptoms. This should help prevent future issues.""

User_654 [12:30 PM]:
""Set up monitoring for 24 hours to ensure no reinfections. Everything looks clean so far.""

User_321 [01:00 PM]:
""Completed the incident report. Summary: Detected and removed the adware, cleaned up 15 systems, and no reinfections detected. All set.""

User_654 [01:30 PM]:
""Reviewed the incident and confirmed all steps are in place. The case is closed. Great teamwork, everyone!""
","
[""adware detection"", ""pop-up ads"", ""system scanning"", ""adware removal"", ""user education"", ""system monitoring"", ""incident report"", ""malicious file"", ""suspicious URL""]",Negative Sentiment,131,Organization only,Adware infection detected and removed on user systems,Medium,"{'adware_signatures': ['Adware.Yontoo', 'Adware.ShopAtHome'], 'systems_infected': 15}",Malware_Resolved,user_654,04/08/2024 14:00,04/08/2024 14:20
INC0012349,Resolved,FALSE,2,1,6,TRUE,user_123,user_789,04/09/2024 13:20,user_789,04/09/2024 13:25,user_456,05/09/2024 15:40,Phone,Insider Threat,Data Exfiltration,Suspicious data transfer detected,2,2,2,user_456,TRUE,Phone,RFC001238,CASE007,Insider Threat Data Exfiltration,04/09/2024 13:20,Suspicious data transfer from internal network to external IP detected.,"[{""Case Tasks Title"": ""Data Transfer Analysis"", ""Case Task Start Date"": ""04/09/2024 13:30"", ""Case Task Assignee"": ""user_456"", ""Case Task Status"": ""Completed"", ""Case Task Duration"": ""30 minutes"", ""Case Attribute Data"": ""{'data_transferred': '500MB', 'external_IP': '192.168.3.200'}""},

{""Case Tasks Title"": ""User Account Review"", ""Case Task Start Date"": ""04/09/2024 14:00"", ""Case Task Assignee"": ""user_123"", ""Case Task Status"": ""Completed"", ""Case Task Duration"": ""20 minutes"", ""Case Attribute Data"": ""{'account_reviewed': 'user002'}""},

{""Case Tasks Title"": ""Data Retrieval"", ""Case Task Start Date"": ""04/09/2024 14:20"", ""Case Task Assignee"": ""user_789"", ""Case Task Status"": ""Completed"", ""Case Task Duration"": ""45 minutes"", ""Case Attribute Data"": ""{'retrieved_data': 'confidential_files.zip'}""},

{""Case Tasks Title"": ""Network Traffic Monitoring"", ""Case Task Start Date"": ""04/09/2024 15:05"", ""Case Task Assignee"": ""user_123"", ""Case Task Status"": ""Completed"", ""Case Task Duration"": ""1 hour"", ""Case Attribute Data"": ""{'monitored_traffic': '10GB over 1 hour'}""},

{""Case Tasks Title"": ""User Account Lock"", ""Case Task Start Date"": ""04/09/2024 16:05"", ""Case Task Assignee"": ""user_456"", ""Case Task Status"": ""Completed"", ""Case Task Duration"": ""10 minutes"", ""Case Attribute Data"": ""{'locked_account': 'user002'}""},

{""Case Tasks Title"": ""Incident Report"", ""Case Task Start Date"": ""04/09/2024 16:15"", ""Case Task Assignee"": ""user_789"", ""Case Task Status"": ""Completed"", ""Case Task Duration"": ""1 hour"", ""Case Attribute Data"": ""{'report_summary': 'Insider threat detected, data exfiltration mitigated.'}""}]","

{\""Analysis Type\"":\""IP Address\"",\""Analysis ID\"":\""ip-2024-016\"",\""Timestamp\"":\""2024-08-04 13:45:00 UTC\"",\""Data Value\"":\""IP Address: 192.168.3.200\"",\""Details\"":\""IP is listed in threat intelligence feeds as associated with data exfiltration activities, has been involved in 2 previous incidents\"",\""Status\"":\""Success\""},

"," User_789 [01:25 PM]: 
""A suspicious data transfer from our internal network to an external IP has been identified. Starting to investigate right away.""

User_456 [01:30 PM]:
""Got it. I’m kicking off the data transfer analysis now. I'll check the details on the 500MB of data sent to IP 192.168.3.200.""

User_123 [01:50 PM]:
""User account review is underway. Focusing on 'user002' to see if there's any unusual activity.""

User_789 [02:10 PM]:
""Just retrieved the data involved in the transfer. The file 'confidential_files.zip' was the one sent out.""

User_123 [03:05 PM]:
""Monitoring network traffic now. Going through 10GB of data collected over the last hour to spot any other anomalies.""

User_456 [04:05 PM]:
""Locked the user account 'user002'. No further access until we can determine the full scope of this issue.""

User_789 [04:15 PM]:
""Working on the incident report now. Summarizing the insider threat and data exfiltration situation. We’ve managed to mitigate the issue for now.""

User_789 [04:25 PM]:
""Report is complete. The insider threat has been addressed, and the data exfiltration has been stopped. We’ll need to keep monitoring to ensure no further issues.""

User_789 [05:00 PM]:
""Final review done, and the case is officially closed. Notified relevant parties and documented everything for future reference.""
","[""insider threat"", ""data exfiltration"", ""suspicious transfer"", ""network monitoring"", ""user account"", ""incident report""]",Negative Sentiment,140,Organization only,Suspicious data transfer detected,High,"{'file_transferred': 'confidential_files.zip', 'user_involved': 'user002'}",Insider_Threat_Resolved,user_789,05/09/2024 15:00,05/09/2024 15:40
INC0012350,Resolved,FALSE,1,0,5,TRUE,user_456,user_123,05/10/2024 11:45,user_123,05/10/2024 11:50,user_789,06/10/2024 13:15,Email,Malware,Ransomware,Unusual encryption activities detected on multiple devices,1,1,2,user_789,TRUE,Email,RFC001239,CASE008,Ransomware Attack Containment,05/10/2024 11:45,Ransomware attack detected encrypting files on multiple endpoints.,"[{""Case Tasks Title"": ""File Encryption Analysis"", ""Case Task Start Date"": ""05/10/2024 12:00"", ""Case Task Assignee"": ""user_456"", ""Case Task Status"": ""Completed"", ""Case Task Duration"": ""30 minutes"", ""Case Attribute Data"": ""{'encrypted_files': 'document1.docx, spreadsheet1.xlsx'}""},

{""Case Tasks Title"": ""Endpoint Isolation"", ""Case Task Start Date"": ""05/10/2024 12:30"", ""Case Task Assignee"": ""user_789"", ""Case Task Status"": ""Completed"", ""Case Task Duration"": ""45 minutes"", ""Case Attribute Data"": ""{'isolated_endpoints': ['PC003', 'PC004']}""},

{""Case Tasks Title"": ""Ransom Note Analysis"", ""Case Task Start Date"": ""05/10/2024 13:15"", ""Case Task Assignee"": ""user_123"", ""Case Task Status"": ""Completed"", ""Case Task Duration"": ""1 hour"", ""Case Attribute Data"": ""{'ransom_note': 'Pay $500 in Bitcoin to decrypt files'}""},

{""Case Tasks Title"": ""Decryption Attempt"", ""Case Task Start Date"": ""05/10/2024 14:15"", ""Case Task Assignee"": ""user_789"", ""Case Task Status"": ""Completed"", ""Case Task Duration"": ""30 minutes"", ""Case Attribute Data"": ""{'decryption_tool': 'Tool_123', 'status': 'Partial success'}""},

{""Case Tasks Title"": ""Data Recovery"", ""Case Task Start Date"": ""05/10/2024 14:45"", ""Case Task Assignee"": ""user_456"", ""Case Task Status"": ""Completed"", ""Case Task Duration"": ""1 hour"", ""Case Attribute Data"": ""{'recovered_files': 'backup_files.zip'}""},

{""Case Tasks Title"": ""Incident Report"", ""Case Task Start Date"": ""05/10/2024 15:45"", ""Case Task Assignee"": ""user_123"", ""Case Task Status"": ""Completed"", ""Case Task Duration"": ""1 hour"", ""Case Attribute Data"": ""{'report_summary': 'Ransomware attack contained and data partially recovered.'}""}]","
""[{\""Analysis Type\"":\""Process\"",\""Analysis ID\"":\""process-2024-018\"",\""Timestamp\"":\""2024-10-05 12:00:00 UTC\"",\""Data Value\"":\""Process ID: 5678, Process Name: ransomware.exe\"",\""Details\"":\""Process is flagged by multiple security tools as malicious, showing behavior consistent with ransomware activities\"",\""Status\"":\""Success\""},

{\""Analysis Type\"":\""File\"",\""Analysis ID\"":\""file-2024-019\"",\""Timestamp\"":\""2024-10-05 12:01:00 UTC\"",\""Data Value\"":\""MD5 Hash: abcd1234efgh5678ijkl9101mnopqrs2\"",\""Details\"":\""Detected by 40/60 antivirus engines, flagged as Ransomware:Win32/Generic\"",\""Status\"":\""Success\""},

{\""Analysis Type\"":\""Network Activity\"",\""Analysis ID\"":\""network-2024-020\"",\""Timestamp\"":\""2024-10-05 12200:00  UTC\"",\""Data Value\"":\""IP Address: 192.168.5.100\"",\""Details\"":\""IP is listed in threat intelligence feeds as associated with ransomware command-and-control activities, has been involved in multiple previous incidents\"",\""Status\"":\""Success\""}]"""," User_123 [11:50 AM]:
""The Ransomware is encrypting files on multiple devices..""

User_456 [12:00 PM]:
""Just started looking into the encrypted files. We've got 'document1.docx' and 'spreadsheet1.xlsx' affected. It’s not looking great.""

User_789 [12:30 PM]:
""Endpoints PC003 and PC004 are now isolated, but the damage is already done. We’re trying to limit further impact.""

User_123 [01:15 PM]:
""Received the ransom note—$500 in Bitcoin. We need to decide fast if we’re paying or finding another way.""

User_789 [02:15 PM]:
""Attempted decryption with Tool_123. Partial success—some files decrypted, but many are still inaccessible. This is taking longer than hoped.""

User_456 [02:45 PM]:
""Managed to recover some files from backup, but it’s not a full recovery. We’re still missing critical data.""

User_123 [03:45 PM]:
""Incident report done. We’ve contained the ransomware and partially recovered data, but it’s been a rough hit. We’re still dealing with the aftermath.""

User_123 [04:00 PM]:
""Final review completed. Everything documented, but this has been a tough one. We need to stay vigilant and address any lingering issues.""
","[""ransomware attack"", ""file encryption"", ""data recovery"", ""endpoint isolation"", ""ransom note"", ""decryption"", ""incident report""]
",Negative Sentiment,142,Organization only,Ransomware attack detected,High,"{'encrypted_files': 'document1.docx, spreadsheet1.xlsx', 'ransom_note': 'Pay $500 in Bitcoin'}",Ransomware_Resolved,user_456,06/10/2024 13:00,06/10/2024 13:15